"","From","To","age","sex","psi",".lower",".upper",".width",".point",".interval"
"1","BB","BB",0,0,0.955719863126278,0.945002945003935,0.967173704386842,0.9,"mean","qi"
"2","BB","BB",0,1,0.921507203288414,0.903271364060487,0.940433134850037,0.9,"mean","qi"
"3","BB","BB",1,0,0.933132838553321,0.921639616791026,0.944487878216448,0.9,"mean","qi"
"4","BB","BB",1,1,0.884079367918669,0.871599815329384,0.896481963099028,0.9,"mean","qi"
"5","BB","BLNWR",0,0,8.31111206144003e-06,3.75979305353091e-06,1.49961716239293e-05,0.9,"mean","qi"
"6","BB","BLNWR",0,1,1.47257980637819e-05,6.75443823117398e-06,2.80713756047727e-05,0.9,"mean","qi"
"7","BB","BLNWR",1,0,1.26878407189188e-05,5.85458170890033e-06,2.3468051441092e-05,0.9,"mean","qi"
"8","BB","BLNWR",1,1,2.20128044410681e-05,1.05481949837839e-05,4.2936719017102e-05,0.9,"mean","qi"
"9","BB","BS",0,0,1.95918873666415e-05,1.32205152071127e-05,2.82114228196471e-05,0.9,"mean","qi"
"10","BB","BS",0,1,3.47312281360021e-05,2.31925122429338e-05,5.16349958464695e-05,0.9,"mean","qi"
"11","BB","BS",1,0,2.97185905533581e-05,1.94696954982522e-05,4.21669476296071e-05,0.9,"mean","qi"
"12","BB","BS",1,1,5.1549775078886e-05,3.57309601625559e-05,7.18702732690934e-05,0.9,"mean","qi"
"13","BB","CNWR",0,0,1.32309716590061e-05,8.80745062052559e-06,1.9686072859232e-05,0.9,"mean","qi"
"14","BB","CNWR",0,1,2.34493062351658e-05,1.53678404344042e-05,3.39156203281929e-05,0.9,"mean","qi"
"15","BB","CNWR",1,0,2.00865626888383e-05,1.30238385313764e-05,2.92918299420069e-05,0.9,"mean","qi"
"16","BB","CNWR",1,1,3.48375828391608e-05,2.34562621996422e-05,4.99175287481232e-05,0.9,"mean","qi"
"17","BB","HB",0,0,9.08270734300359e-06,5.9673317266443e-06,1.38029783629558e-05,0.9,"mean","qi"
"18","BB","HB",0,1,1.60964908002729e-05,1.03547970886632e-05,2.35766290362314e-05,0.9,"mean","qi"
"19","BB","HB",1,0,1.37940174254033e-05,8.71167627400091e-06,2.05557875917442e-05,0.9,"mean","qi"
"20","BB","HB",1,1,2.39240445786201e-05,1.58230986239377e-05,3.52524637063216e-05,0.9,"mean","qi"
"21","BB","HI",0,0,0.000153705439870194,0.000109469843139061,0.000205192193328636,0.9,"mean","qi"
"22","BB","HI",0,1,0.000272514904373569,0.000200716781494564,0.000360998289992512,0.9,"mean","qi"
"23","BB","HI",1,0,0.000232759032211838,0.000173849425738722,0.00030220765275566,0.9,"mean","qi"
"24","BB","HI",1,1,0.000403700037783545,0.00031340900729063,0.000500732278537799,0.9,"mean","qi"
"25","BB","LINWR",0,0,0.00437913135161751,0.00327482798452136,0.0053801101054083,0.9,"mean","qi"
"26","BB","LINWR",0,1,0.0077635614434803,0.00589910501910512,0.00959649018629312,0.9,"mean","qi"
"27","BB","LINWR",1,0,0.00661553840800624,0.00549247802021189,0.0077388734120252,0.9,"mean","qi"
"28","BB","LINWR",1,1,0.0114702411424167,0.0104246387925509,0.0126580345621812,0.9,"mean","qi"
"29","BB","LL",0,0,2.58161166912985e-05,1.74600971491003e-05,3.69179014241742e-05,0.9,"mean","qi"
"30","BB","LL",0,1,4.57666005288718e-05,3.11190543588548e-05,6.72753082225389e-05,0.9,"mean","qi"
"31","BB","LL",1,0,3.91501351797244e-05,2.62678569111374e-05,5.49214466707214e-05,0.9,"mean","qi"
"32","BB","LL",1,1,6.7909365726414e-05,4.76607738682496e-05,9.32040758264675e-05,0.9,"mean","qi"
"33","BB","M",0,0,6.86017414323252e-05,4.88448865279724e-05,9.35688802661426e-05,0.9,"mean","qi"
"34","BB","M",0,1,0.000121592377654723,8.52889635089518e-05,0.000167351556623416,0.9,"mean","qi"
"35","BB","M",1,0,0.000104014574691134,7.33735352767234e-05,0.00014043636166943,0.9,"mean","qi"
"36","BB","M",1,1,0.000180380295689077,0.000133811063944485,0.00023580968496156,0.9,"mean","qi"
"37","BB","P",0,0,0.00994587497513672,0.00701049647231828,0.0127103327496656,0.9,"mean","qi"
"38","BB","P",0,1,0.0176397740384512,0.0128552930093062,0.0228356780480802,0.9,"mean","qi"
"39","BB","P",1,0,0.0150031062768664,0.0118138331562136,0.0181282041309557,0.9,"mean","qi"
"40","BB","P",1,1,0.0260187284641032,0.0219975084150592,0.0304137568069909,0.9,"mean","qi"
"41","BB","RLNWR_N",0,0,0.0125285097853619,0.00945236449349683,0.0156899441088494,0.9,"mean","qi"
"42","BB","RLNWR_N",0,1,0.0222025273715408,0.0170387679707062,0.0287122519118868,0.9,"mean","qi"
"43","BB","RLNWR_N",1,0,0.0189309581060465,0.0153829290054644,0.0225305497833014,0.9,"mean","qi"
"44","BB","RLNWR_N",1,1,0.0328127549739286,0.0285887752137023,0.0373824363735202,0.9,"mean","qi"
"45","BB","RLNWR_S",0,0,0.0168222035847276,0.0125249002793094,0.02100893455548,0.9,"mean","qi"
"46","BB","RLNWR_S",0,1,0.0298154692989709,0.0229521196378885,0.037508718043127,0.9,"mean","qi"
"47","BB","RLNWR_S",1,0,0.025401933857185,0.0206546427545171,0.0300347312568455,0.9,"mean","qi"
"48","BB","RLNWR_S",1,1,0.0440309740794013,0.0388498949358212,0.0495003664400343,0.9,"mean","qi"
"49","BB","WL",0,0,0.000306077200454685,0.000226282761720608,0.000399470289551913,0.9,"mean","qi"
"50","BB","WL",0,1,0.000542587853350825,0.000406641272445288,0.00070901347133979,0.9,"mean","qi"
"51","BB","WL",1,0,0.000463414045105767,0.000353519015720437,0.000582239072536197,0.9,"mean","qi"
"52","BB","WL",1,1,0.000803619515344174,0.000654320664651877,0.000962489668077828,0.9,"mean","qi"
"53","LINWR","BB",0,0,0.00431406266157085,0.00315999657200743,0.00537505534068299,0.9,"mean","qi"
"54","LINWR","BB",0,1,0.00780035939176298,0.00583917381302838,0.00982822538200753,0.9,"mean","qi"
"55","LINWR","BB",1,0,0.0065957735879822,0.00540237018576137,0.00788345962432594,0.9,"mean","qi"
"56","LINWR","BB",1,1,0.0117559920515824,0.0105871861270922,0.0131300746427887,0.9,"mean","qi"
"57","LINWR","BLNWR",0,0,2.87933544715364e-05,1.38891425863612e-05,5.17254463814114e-05,0.9,"mean","qi"
"58","LINWR","BLNWR",0,1,5.19941896104124e-05,2.48884303483484e-05,9.13757357187715e-05,0.9,"mean","qi"
"59","LINWR","BLNWR",1,0,4.44499957859644e-05,2.19157670760874e-05,8.09876966378699e-05,0.9,"mean","qi"
"60","LINWR","BLNWR",1,1,7.92297792551025e-05,4.07460702447167e-05,0.000143453428144163,0.9,"mean","qi"
"61","LINWR","BS",0,0,2.94072041006508e-05,1.99186970696649e-05,4.2242718329193e-05,0.9,"mean","qi"
"62","LINWR","BS",0,1,5.31365428383876e-05,3.61948150863101e-05,7.72716101026195e-05,0.9,"mean","qi"
"63","LINWR","BS",1,0,4.51407979163252e-05,3.04814717885247e-05,6.2283091936406e-05,0.9,"mean","qi"
"64","LINWR","BS",1,1,8.04501026321473e-05,5.74748996104897e-05,0.000110142640297402,0.9,"mean","qi"
"65","LINWR","CNWR",0,0,9.92391751598776e-05,7.11518845028274e-05,0.000133672867791315,0.9,"mean","qi"
"66","LINWR","CNWR",0,1,0.000179307836480047,0.00012762402688883,0.000243649399865713,0.9,"mean","qi"
"67","LINWR","CNWR",1,0,0.000152266992732598,0.000109456737243471,0.000199757623840323,0.9,"mean","qi"
"68","LINWR","CNWR",1,1,0.000271335421773513,0.000207258941398627,0.000346040906725414,0.9,"mean","qi"
"69","LINWR","HB",0,0,4.94719516707046e-05,3.44881940493921e-05,6.88204568552977e-05,0.9,"mean","qi"
"70","LINWR","HB",0,1,8.93749168880455e-05,6.15023952907983e-05,0.000125777597604934,0.9,"mean","qi"
"71","LINWR","HB",1,0,7.59552582476179e-05,5.24438298664645e-05,0.000104228920730051,0.9,"mean","qi"
"72","LINWR","HB",1,1,0.000135345163823986,9.9104583662327e-05,0.000180646059567598,0.9,"mean","qi"
"73","LINWR","HI",0,0,0.000223574264640691,0.000160551461240212,0.000293616693066235,0.9,"mean","qi"
"74","LINWR","HI",0,1,0.000404109155667119,0.000297493439650782,0.000538415005649723,0.9,"mean","qi"
"75","LINWR","HI",1,0,0.000342630588796607,0.000256974390206789,0.000441396408552332,0.9,"mean","qi"
"76","LINWR","HI",1,1,0.000610671119625437,0.00048707755716182,0.000740837461605986,0.9,"mean","qi"
"77","LINWR","LINWR",0,0,0.979202964934167,0.974372832959345,0.984307861318717,0.9,"mean","qi"
"78","LINWR","LINWR",0,1,0.962408295641388,0.953134452768973,0.971641484162933,0.9,"mean","qi"
"79","LINWR","LINWR",1,0,0.968177801298353,0.962590178996743,0.97350441145197,0.9,"mean","qi"
"80","LINWR","LINWR",1,1,0.943292083154002,0.938336478115062,0.947799930157173,0.9,"mean","qi"
"81","LINWR","LL",0,0,0.000193325751891566,0.000138524281467829,0.000255157471767907,0.9,"mean","qi"
"82","LINWR","LL",0,1,0.000349430221539491,0.000255652091448536,0.000466455051039316,0.9,"mean","qi"
"83","LINWR","LL",1,0,0.00029630504902333,0.000220290170540698,0.000385188064967136,0.9,"mean","qi"
"84","LINWR","LL",1,1,0.000528105802655307,0.000418104368188613,0.00064412667654934,0.9,"mean","qi"
"85","LINWR","M",0,0,0.000122901203777913,8.89917140191019e-05,0.000164338964883123,0.9,"mean","qi"
"86","LINWR","M",0,1,0.000222062747315372,0.00015911936641792,0.000299313400015336,0.9,"mean","qi"
"87","LINWR","M",1,0,0.00018855043366625,0.000137043233787423,0.000245154511339502,0.9,"mean","qi"
"88","LINWR","M",1,1,0.000335987984379771,0.000260354259200435,0.000423808925541242,0.9,"mean","qi"
"89","LINWR","P",0,0,0.00236308533569545,0.00169566168583646,0.00298702155948354,0.9,"mean","qi"
"90","LINWR","P",0,1,0.00427321318844235,0.00317617679021879,0.00543113208990239,0.9,"mean","qi"
"91","LINWR","P",1,0,0.00361352673582347,0.00290077196821641,0.00435355032250575,0.9,"mean","qi"
"92","LINWR","P",1,1,0.0064413161538754,0.00558827629533184,0.00738888284874485,0.9,"mean","qi"
"93","LINWR","RLNWR_N",0,0,0.00358325662139608,0.00272291149082455,0.00447890924048534,0.9,"mean","qi"
"94","LINWR","RLNWR_N",0,1,0.00647447488986376,0.00490374935197323,0.00812062733616938,0.9,"mean","qi"
"95","LINWR","RLNWR_N",1,0,0.00548856221272366,0.0044395011965815,0.00661554586388603,0.9,"mean","qi"
"96","LINWR","RLNWR_N",1,1,0.00977864297742293,0.00843076228548487,0.0110287533064335,0.9,"mean","qi"
"97","LINWR","RLNWR_S",0,0,0.00759347197430562,0.00573811255961771,0.00943144047605091,0.9,"mean","qi"
"98","LINWR","RLNWR_S",0,1,0.0137235945940381,0.0105811383506409,0.0175486677891829,0.9,"mean","qi"
"99","LINWR","RLNWR_S",1,0,0.0116181879008582,0.00948734223557449,0.0137910149617392,0.9,"mean","qi"
"100","LINWR","RLNWR_S",1,1,0.0207011651421869,0.0187392944789491,0.0227462994868131,0.9,"mean","qi"
"101","LINWR","WL",0,0,0.00219644556715236,0.00163282890727788,0.00268814811330385,0.9,"mean","qi"
"102","LINWR","WL",0,1,0.00397064668416575,0.00298947401034502,0.00492920950585952,0.9,"mean","qi"
"103","LINWR","WL",1,0,0.0033608491480907,0.00277742327453894,0.00399301994905991,0.9,"mean","qi"
"104","LINWR","WL",1,1,0.00598967514678522,0.00539182186240307,0.00661153558224368,0.9,"mean","qi"
"105","BS","BB",0,0,2.07018604583145e-05,1.39511619868273e-05,3.00231764871465e-05,0.9,"mean","qi"
"106","BS","BB",0,1,3.78175521109557e-05,2.51839986230532e-05,5.64590393474658e-05,0.9,"mean","qi"
"107","BS","BB",1,0,3.2020154751109e-05,2.10251423976935e-05,4.55902531910851e-05,0.9,"mean","qi"
"108","BS","BB",1,1,5.79766847298715e-05,4.01488399850584e-05,8.07056254423258e-05,0.9,"mean","qi"
"109","BS","BLNWR",0,0,9.49767764047096e-08,3.40674183129934e-08,2.01435236399584e-07,0.9,"mean","qi"
"110","BS","BLNWR",0,1,1.7324519984721e-07,6.05712357364666e-08,3.96860945164926e-07,0.9,"mean","qi"
"111","BS","BLNWR",1,0,1.4840685224085e-07,5.17973391389667e-08,3.25698816117703e-07,0.9,"mean","qi"
"112","BS","BLNWR",1,1,2.68795034730015e-07,9.68963095414475e-08,6.19370850173342e-07,0.9,"mean","qi"
"113","BS","BS",0,0,0.991697003977516,0.989636292736073,0.993839439703523,0.9,"mean","qi"
"114","BS","BS",0,1,0.98482146443699,0.980922827312724,0.988683276640251,0.9,"mean","qi"
"115","BS","BS",1,0,0.987212650417597,0.98492869533029,0.989633200701954,0.9,"mean","qi"
"116","BS","BS",1,1,0.976846334432506,0.97388467747627,0.979471981453704,0.9,"mean","qi"
"117","BS","CNWR",0,0,2.88083481915998e-06,1.76069694478081e-06,4.62701966683676e-06,0.9,"mean","qi"
"118","BS","CNWR",0,1,5.26015999116866e-06,3.12385201581446e-06,8.2263754442956e-06,0.9,"mean","qi"
"119","BS","CNWR",1,0,4.46432977271667e-06,2.61565063768221e-06,7.0360154650156e-06,0.9,"mean","qi"
"120","BS","CNWR",1,1,8.0824196022891e-06,4.97790379039686e-06,1.26484470560297e-05,0.9,"mean","qi"
"121","BS","HB",0,0,0.000102842370595048,7.37166848528128e-05,0.000139485716482066,0.9,"mean","qi"
"122","BS","HB",0,1,0.000187881634006678,0.000131114005428663,0.000255868192830574,0.9,"mean","qi"
"123","BS","HB",1,0,0.000158924523082004,0.000114252113800149,0.000211080358218424,0.9,"mean","qi"
"124","BS","HB",1,1,0.000287725102644061,0.000218402354189991,0.000369825465430374,0.9,"mean","qi"
"125","BS","HI",0,0,0.00219357299663403,0.00160534794803628,0.00275580955053502,0.9,"mean","qi"
"126","BS","HI",0,1,0.00401054288891602,0.0029675241078598,0.00516030439377848,0.9,"mean","qi"
"127","BS","HI",1,0,0.00337862117203938,0.00271873769390724,0.00403186179912887,0.9,"mean","qi"
"128","BS","HI",1,1,0.00611829045616464,0.00527153826602649,0.00705729576705592,0.9,"mean","qi"
"129","BS","LINWR",0,0,3.15436506467643e-05,2.1793560585601e-05,4.47041254431467e-05,0.9,"mean","qi"
"130","BS","LINWR",0,1,5.76158375565376e-05,3.85756819863279e-05,8.16968089867604e-05,0.9,"mean","qi"
"131","BS","LINWR",1,0,4.87935913947936e-05,3.21335714172015e-05,6.83504834295051e-05,0.9,"mean","qi"
"132","BS","LINWR",1,1,8.833724057441e-05,6.25647294507587e-05,0.000120388095508595,0.9,"mean","qi"
"133","BS","LL",0,0,1.47011095934721e-05,9.81750367217894e-06,2.16190540765132e-05,0.9,"mean","qi"
"134","BS","LL",0,1,2.68570904553823e-05,1.76484561407508e-05,4.08451199919047e-05,0.9,"mean","qi"
"135","BS","LL",1,0,2.27395689653746e-05,1.46295411840185e-05,3.29737255186156e-05,0.9,"mean","qi"
"136","BS","LL",1,1,4.11757681543508e-05,2.79668136568788e-05,5.80874839060551e-05,0.9,"mean","qi"
"137","BS","M",0,0,0.00579504323538747,0.00423814478121856,0.00731318179085971,0.9,"mean","qi"
"138","BS","M",0,1,0.010593782973169,0.00791845478476678,0.0133311485929337,0.9,"mean","qi"
"139","BS","M",1,0,0.00892244963517902,0.00725826831602023,0.0105196126350905,0.9,"mean","qi"
"140","BS","M",1,1,0.0161550389555698,0.0143428339946235,0.0181706873363505,0.9,"mean","qi"
"141","BS","P",0,0,1.84211284211694e-05,1.22855671577115e-05,2.68676172113591e-05,0.9,"mean","qi"
"142","BS","P",0,1,3.36575611224436e-05,2.2385704137539e-05,5.03864661572371e-05,0.9,"mean","qi"
"143","BS","P",1,0,2.84831132212844e-05,1.86117353605789e-05,4.109888265828e-05,0.9,"mean","qi"
"144","BS","P",1,1,5.15792229707804e-05,3.53220900417639e-05,7.27370396490963e-05,0.9,"mean","qi"
"145","BS","RLNWR_N",0,0,5.07930835565285e-05,3.48923207190059e-05,7.18845004859471e-05,0.9,"mean","qi"
"146","BS","RLNWR_N",0,1,9.27359999018173e-05,6.0043066348105e-05,0.000129988043505145,0.9,"mean","qi"
"147","BS","RLNWR_N",1,0,7.86555209425166e-05,5.3054321162698e-05,0.000110802797067537,0.9,"mean","qi"
"148","BS","RLNWR_N",1,1,0.000142365607518143,0.000100761675044563,0.000196090126562018,0.9,"mean","qi"
"149","BS","RLNWR_S",0,0,6.1981326951667e-05,4.40447196437702e-05,8.56325587956844e-05,0.9,"mean","qi"
"150","BS","RLNWR_S",0,1,0.000113180719396965,7.61831503922291e-05,0.00015585954704049,0.9,"mean","qi"
"151","BS","RLNWR_S",1,0,9.59210073983271e-05,6.68455505401268e-05,0.000132917527935861,0.9,"mean","qi"
"152","BS","RLNWR_S",1,1,0.000173624425805531,0.000126514700061901,0.000233863033545889,0.9,"mean","qi"
"153","BS","WL",0,0,1.04194486435703e-05,6.78929305045392e-06,1.5623470425785e-05,0.9,"mean","qi"
"154","BS","WL",0,1,1.90299011834312e-05,1.22443888632999e-05,2.83057141223394e-05,0.9,"mean","qi"
"155","BS","WL",1,0,1.61285588046904e-05,1.01468004275251e-05,2.37997229517738e-05,0.9,"mean","qi"
"156","BS","WL",1,1,2.92008887249998e-05,1.91766332789929e-05,4.23694736580632e-05,0.9,"mean","qi"
"157","HI","BB",0,0,0.000162192245534033,0.000117110791895042,0.000218340819848772,0.9,"mean","qi"
"158","HI","BB",0,1,0.000295575602404202,0.00021379303574389,0.000393091966278424,0.9,"mean","qi"
"159","HI","BB",1,0,0.000250005323316571,0.000184526793594719,0.000324357373018584,0.9,"mean","qi"
"160","HI","BB",1,1,0.000450875000698703,0.000349425159499517,0.000559604593905447,0.9,"mean","qi"
"161","HI","BLNWR",0,0,5.27008836767628e-07,2.0867818922703e-07,1.05707875205598e-06,0.9,"mean","qi"
"162","HI","BLNWR",0,1,9.59022753445806e-07,3.82487194590841e-07,2.04143254947178e-06,0.9,"mean","qi"
"163","HI","BLNWR",1,0,8.20915356130144e-07,3.2261976879368e-07,1.62074680557028e-06,0.9,"mean","qi"
"164","HI","BLNWR",1,1,1.4809477913258e-06,6.11461335428234e-07,3.13797774536492e-06,0.9,"mean","qi"
"165","HI","BS",0,0,0.00219000836116609,0.00160445180827958,0.00274959822358605,0.9,"mean","qi"
"166","HI","BS",0,1,0.00399300039446579,0.00296036252467651,0.00511881932169767,0.9,"mean","qi"
"167","HI","BS",1,0,0.00336735809379021,0.00271489999574927,0.00400898055815363,0.9,"mean","qi"
"168","HI","BS",1,1,0.00607357822952454,0.00524308578673471,0.00699961959391904,0.9,"mean","qi"
"169","HI","CNWR",0,0,9.88916520215677e-06,6.48000861812146e-06,1.48322339384764e-05,0.9,"mean","qi"
"170","HI","CNWR",0,1,1.80113126875642e-05,1.15297595922965e-05,2.65097071023848e-05,0.9,"mean","qi"
"171","HI","CNWR",1,0,1.52834826327699e-05,9.60633245833533e-06,2.26592047176696e-05,0.9,"mean","qi"
"172","HI","CNWR",1,1,2.75598623275955e-05,1.81883135177881e-05,4.02707269946315e-05,0.9,"mean","qi"
"173","HI","HB",0,0,0.00013802361102937,0.000100391814085857,0.000184927784776988,0.9,"mean","qi"
"174","HI","HB",0,1,0.000251478303620611,0.00017742510417334,0.000335833213374177,0.9,"mean","qi"
"175","HI","HB",1,0,0.00021286659935859,0.000154887530523925,0.000277778174021558,0.9,"mean","qi"
"176","HI","HB",1,1,0.000383852329083038,0.000295601439424488,0.000483862085295247,0.9,"mean","qi"
"177","HI","HI",0,0,0.988496108333896,0.985654429898546,0.991402029669257,0.9,"mean","qi"
"178","HI","HI",0,1,0.979028590976782,0.973859025253063,0.984329812948018,0.9,"mean","qi"
"179","HI","HI",1,0,0.982311770492828,0.97909979332155,0.985544913657536,0.9,"mean","qi"
"180","HI","HI",1,1,0.968100650976294,0.964148261688494,0.971627046485957,0.9,"mean","qi"
"181","HI","LINWR",0,0,0.000239488681043928,0.000176844090187673,0.000315950349342982,0.9,"mean","qi"
"182","HI","LINWR",0,1,0.00043638283749609,0.000313639389925343,0.000578529505549151,0.9,"mean","qi"
"183","HI","LINWR",1,0,0.00036917747413052,0.000276727560522725,0.000469048904972713,0.9,"mean","qi"
"184","HI","LINWR",1,1,0.000665724566040868,0.00052991958058981,0.000808121052888248,0.9,"mean","qi"
"185","HI","LL",0,0,4.60067554648434e-05,3.17186449869637e-05,6.44659647031639e-05,0.9,"mean","qi"
"186","HI","LL",0,1,8.3834661496511e-05,5.82971842717723e-05,0.000118256645779451,0.9,"mean","qi"
"187","HI","LL",1,0,7.0974027629691e-05,4.98677931475158e-05,9.88188453284144e-05,0.9,"mean","qi"
"188","HI","LL",1,1,0.000128005837268498,9.24634034644262e-05,0.000170239993586404,0.9,"mean","qi"
"189","HI","M",0,0,0.00766237684939744,0.00554412328572288,0.00963885822409709,0.9,"mean","qi"
"190","HI","M",0,1,0.0139695758997286,0.0104315197845254,0.0177509457669347,0.9,"mean","qi"
"191","HI","M",1,0,0.0117739791798433,0.00952477286092172,0.0139215678344563,0.9,"mean","qi"
"192","HI","M",1,1,0.0212333870008418,0.0186849148637853,0.0239429657264935,0.9,"mean","qi"
"193","HI","P",0,0,0.000141218484290719,9.93414729781274e-05,0.000192072838165973,0.9,"mean","qi"
"194","HI","P",0,1,0.000257400739143664,0.0001859447266394,0.000345853260831673,0.9,"mean","qi"
"195","HI","P",1,0,0.000217613817570135,0.000161088560911892,0.000285414030366809,0.9,"mean","qi"
"196","HI","P",1,1,0.000392509132057668,0.000300583926789864,0.000494201795418568,0.9,"mean","qi"
"197","HI","RLNWR_N",0,0,0.000377007321439773,0.000278607272320379,0.000489865484065799,0.9,"mean","qi"
"198","HI","RLNWR_N",0,1,0.000686667183921623,0.000482177184785651,0.000891071996939393,0.9,"mean","qi"
"199","HI","RLNWR_N",1,0,0.000581754521226625,0.000432124025997853,0.000742959996766049,0.9,"mean","qi"
"200","HI","RLNWR_N",1,1,0.00104880373929812,0.00083104980765381,0.00130942726185508,0.9,"mean","qi"
"201","HI","RLNWR_S",0,0,0.000475980394933893,0.000358328495154395,0.000610659631194562,0.9,"mean","qi"
"202","HI","RLNWR_S",0,1,0.000867071174227292,0.00062013233906599,0.00109825854102878,0.9,"mean","qi"
"203","HI","RLNWR_S",1,0,0.000734005523654342,0.000564206362846329,0.00091994739631423,0.9,"mean","qi"
"204","HI","RLNWR_S",1,1,0.00132335549252954,0.00108505868744783,0.00159215251810973,0.9,"mean","qi"
"205","HI","WL",0,0,6.11727877645379e-05,4.29729189573418e-05,8.47988701657642e-05,0.9,"mean","qi"
"206","HI","WL",0,1,0.000111451891272646,7.74159663873031e-05,0.000156113911107862,0.9,"mean","qi"
"207","HI","WL",1,0,9.43905486630766e-05,6.53494807057079e-05,0.000128864975825523,0.9,"mean","qi"
"208","HI","WL",1,1,0.00017021688624389,0.000125922565681532,0.000224521327127029,0.9,"mean","qi"
"209","M","BB",0,0,6.82337956954802e-05,4.80217745131622e-05,9.34610215973929e-05,0.9,"mean","qi"
"210","M","BB",0,1,0.000124042641720036,8.67499680758128e-05,0.000171582343576523,0.9,"mean","qi"
"211","M","BB",1,0,0.000105103028867364,7.2952408448738e-05,0.000140417454014893,0.9,"mean","qi"
"212","M","BB",1,1,0.0001889539214586,0.000141623657147939,0.000245729023420872,0.9,"mean","qi"
"213","M","BLNWR",0,0,3.86768409055052e-07,1.47787214670726e-07,7.95885913774424e-07,0.9,"mean","qi"
"214","M","BLNWR",0,1,7.02292316723837e-07,2.66688579672424e-07,1.52998407958051e-06,0.9,"mean","qi"
"215","M","BLNWR",1,0,6.01734529659756e-07,2.27167278268449e-07,1.20672008121965e-06,0.9,"mean","qi"
"216","M","BLNWR",1,1,1.08239334251045e-06,4.296100933307e-07,2.37872955958548e-06,0.9,"mean","qi"
"217","M","BS",0,0,0.00545070403964001,0.00395132364226322,0.00689323842556825,0.9,"mean","qi"
"218","M","BS",0,1,0.00991623341391933,0.00732689965941928,0.0126904608469185,0.9,"mean","qi"
"219","M","BS",1,0,0.00836259359892547,0.00672660980055272,0.010010567430342,0.9,"mean","qi"
"220","M","BS",1,1,0.0150359073073052,0.0133367759356382,0.0169465137600001,0.9,"mean","qi"
"221","M","CNWR",0,0,1.02507621658147e-05,6.67681167065088e-06,1.5703448949438e-05,0.9,"mean","qi"
"222","M","CNWR",0,1,1.86269883828723e-05,1.19829336593108e-05,2.77319012305297e-05,0.9,"mean","qi"
"223","M","CNWR",1,0,1.58189238767664e-05,1.00030361421389e-05,2.34484163011302e-05,0.9,"mean","qi"
"224","M","CNWR",1,1,2.84367739006067e-05,1.87885378736239e-05,4.17546443273108e-05,0.9,"mean","qi"
"225","M","HB",0,0,0.000313094089563449,0.000228997720779121,0.000406310673762398,0.9,"mean","qi"
"226","M","HB",0,1,0.000569210012212122,0.000417085021592196,0.000741418925959723,0.9,"mean","qi"
"227","M","HB",1,0,0.000481854269627831,0.000368093689115553,0.000605020249998116,0.9,"mean","qi"
"228","M","HB",1,1,0.000866204771261758,0.000708360974384394,0.00103911573780739,0.9,"mean","qi"
"229","M","HI",0,0,0.00721848312224319,0.00519038780609573,0.00917309194254706,0.9,"mean","qi"
"230","M","HI",0,1,0.0131329406374596,0.00963110188250916,0.0168024717678535,0.9,"mean","qi"
"231","M","HI",1,0,0.0110717057588275,0.00889253728384981,0.0132178680039202,0.9,"mean","qi"
"232","M","HI",1,1,0.0199071031128998,0.017516017438971,0.022617676210124,0.9,"mean","qi"
"233","M","LINWR",0,0,0.00012408752449071,8.98348250372878e-05,0.000166014245087193,0.9,"mean","qi"
"234","M","LINWR",0,1,0.000225561186668785,0.000161230366833844,0.000304321943230753,0.9,"mean","qi"
"235","M","LINWR",1,0,0.000191122901351405,0.000138930410786596,0.000249168459685888,0.9,"mean","qi"
"236","M","LINWR",1,1,0.000343568509239821,0.000266259217269132,0.000434096307881932,0.9,"mean","qi"
"237","M","LL",0,0,5.03688997292449e-05,3.4888175676332e-05,6.98181166322076e-05,0.9,"mean","qi"
"238","M","LL",0,1,9.15709532498346e-05,6.33608134487801e-05,0.000129998417384208,0.9,"mean","qi"
"239","M","LL",1,0,7.75863087400715e-05,5.42684789175715e-05,0.000104889342465676,0.9,"mean","qi"
"240","M","LL",1,1,0.000139492544101605,0.000102514227341294,0.000184344328489772,0.9,"mean","qi"
"241","M","M",0,0,0.986321875036549,0.982801765092814,0.990032587160137,0.9,"mean","qi"
"242","M","M",0,1,0.975116907856539,0.968299790780257,0.981510506610995,0.9,"mean","qi"
"243","M","M",1,0,0.97901151962302,0.974793822909063,0.983030557125955,0.9,"mean","qi"
"244","M","M",1,1,0.962263212573668,0.957557895117555,0.966287137636554,0.9,"mean","qi"
"245","M","P",0,0,5.74294402761384e-05,3.9526655237343e-05,7.99144492044948e-05,0.9,"mean","qi"
"246","M","P",0,1,0.000104418281847944,7.30029835848384e-05,0.000147137369825406,0.9,"mean","qi"
"247","M","P",1,0,8.84359535637193e-05,6.21210781954457e-05,0.000119029152231919,0.9,"mean","qi"
"248","M","P",1,1,0.000159007817281142,0.000116531075869251,0.000207610522267752,0.9,"mean","qi"
"249","M","RLNWR_N",0,0,0.000149305980656089,0.000107675525278511,0.000202600153359251,0.9,"mean","qi"
"250","M","RLNWR_N",0,1,0.000271292259436693,0.00018177693248529,0.000368909598031296,0.9,"mean","qi"
"251","M","RLNWR_N",1,0,0.000230267179879783,0.000164913452137076,0.000311810382560644,0.9,"mean","qi"
"252","M","RLNWR_N",1,1,0.000413862388428169,0.000309769208961297,0.00054541990944332,0.9,"mean","qi"
"253","M","RLNWR_S",0,0,0.000192497154924228,0.00014046271183013,0.000253865288121305,0.9,"mean","qi"
"254","M","RLNWR_S",0,1,0.000349821053624833,0.000241068693605368,0.000467338528991945,0.9,"mean","qi"
"255","M","RLNWR_S",1,0,0.000296680097520603,0.000216637812058825,0.000393801336230607,0.9,"mean","qi"
"256","M","RLNWR_S",1,1,0.000533242421581842,0.00041594696263399,0.000679924067994844,0.9,"mean","qi"
"257","M","WL",0,0,4.32833856572477e-05,2.95471059108016e-05,6.05340319922409e-05,0.9,"mean","qi"
"258","M","WL",0,1,7.86724226225728e-05,5.38613492485462e-05,0.000112025807557891,0.9,"mean","qi"
"259","M","WL",1,0,6.67106212695056e-05,4.56882164630453e-05,9.17034967055622e-05,0.9,"mean","qi"
"260","M","WL",1,1,0.0001199254655309,8.66409084113607e-05,0.000160527754010083,0.9,"mean","qi"
"261","WL","BB",0,0,0.000311944320326975,0.000226902884553062,0.000407161530352786,0.9,"mean","qi"
"262","WL","BB",0,1,0.000571045745968397,0.000423313990812243,0.000753536818064512,0.9,"mean","qi"
"263","WL","BB",1,0,0.000481901654547622,0.000365175182452263,0.000605287041887627,0.9,"mean","qi"
"264","WL","BB",1,1,0.000874772259016076,0.000706710184724293,0.00103566923247947,0.9,"mean","qi"
"265","WL","BLNWR",0,0,0.000260260914332586,0.000138812078202322,0.0004187565809125,0.9,"mean","qi"
"266","WL","BLNWR",0,1,0.000476077263734609,0.000243363166293278,0.000768123889255948,0.9,"mean","qi"
"267","WL","BLNWR",1,0,0.000404237609267025,0.000219911812541586,0.000667450279241523,0.9,"mean","qi"
"268","WL","BLNWR",1,1,0.000733893867759396,0.000404911384607748,0.0011491142347739,0.9,"mean","qi"
"269","WL","BS",0,0,1.00485663804489e-05,6.52206522025406e-06,1.52207314667864e-05,0.9,"mean","qi"
"270","WL","BS",0,1,1.83853999758843e-05,1.17235905393454e-05,2.8183280748146e-05,0.9,"mean","qi"
"271","WL","BS",1,0,1.55634776742502e-05,9.94426737689991e-06,2.29083385279885e-05,0.9,"mean","qi"
"272","WL","BS",1,1,2.82503211372255e-05,1.87531157426071e-05,4.07738279420409e-05,0.9,"mean","qi"
"273","WL","CNWR",0,0,0.00107457508840719,0.000803290465716113,0.00133522968634991,0.9,"mean","qi"
"274","WL","CNWR",0,1,0.00196724019188178,0.00146145523390274,0.00247605372721309,0.9,"mean","qi"
"275","WL","CNWR",1,0,0.00165877877548369,0.00134345666972393,0.00198326647504433,0.9,"mean","qi"
"276","WL","CNWR",1,1,0.00301093903092764,0.00262401216964503,0.00341567179690436,0.9,"mean","qi"
"277","WL","HB",0,0,9.87292079859014e-05,7.06544467232454e-05,0.000132413146928118,0.9,"mean","qi"
"278","WL","HB",0,1,0.00018066193524402,0.000127321551566054,0.000246451074792153,0.9,"mean","qi"
"279","WL","HB",1,0,0.000152729332616678,0.000109400181760819,0.000202351391356679,0.9,"mean","qi"
"280","WL","HB",1,1,0.000277197340398486,0.000211524939993085,0.000354577005406073,0.9,"mean","qi"
"281","WL","HI",0,0,5.90847907584162e-05,4.0976241646714e-05,8.19699820960807e-05,0.9,"mean","qi"
"282","WL","HI",0,1,0.000108139987116969,7.55690887423556e-05,0.000151350462216654,0.9,"mean","qi"
"283","WL","HI",1,0,9.13831939617624e-05,6.45069183765575e-05,0.000123198619930987,0.9,"mean","qi"
"284","WL","HI",1,1,0.000165885397522415,0.000122466907741327,0.000216673932760064,0.9,"mean","qi"
"285","WL","LINWR",0,0,0.00227257604282965,0.0016962574142257,0.00279916630732425,0.9,"mean","qi"
"286","WL","LINWR",0,1,0.004160842382204,0.00310581197908642,0.00518602536395133,0.9,"mean","qi"
"287","WL","LINWR",1,0,0.00350597384999803,0.00288604895613013,0.00415077968960158,0.9,"mean","qi"
"288","WL","LINWR",1,1,0.00636393860709007,0.00573964714937237,0.00700675327237046,0.9,"mean","qi"
"289","WL","LL",0,0,0.000960309364186136,0.000689624180155959,0.00121423800808379,0.9,"mean","qi"
"290","WL","LL",0,1,0.0017584963223026,0.00130444694926892,0.00225674763462533,0.9,"mean","qi"
"291","WL","LL",1,0,0.00148175943225253,0.00116910700051111,0.00178317179048424,0.9,"mean","qi"
"292","WL","LL",1,1,0.00269008182321525,0.00229864712800359,0.00310685112348482,0.9,"mean","qi"
"293","WL","M",0,0,4.43449784555745e-05,3.08491490846444e-05,6.20184486789181e-05,0.9,"mean","qi"
"294","WL","M",0,1,8.11347020255126e-05,5.52111446277642e-05,0.000115150494576191,0.9,"mean","qi"
"295","WL","M",1,0,6.86435027502191e-05,4.71117884760904e-05,9.52091548535891e-05,0.9,"mean","qi"
"296","WL","M",1,1,0.000124582515749435,9.07396261930806e-05,0.000166169697828056,0.9,"mean","qi"
"297","WL","P",0,0,0.000168474115974964,0.000118640242224248,0.000226073053876294,0.9,"mean","qi"
"298","WL","P",0,1,0.000308440537087116,0.000223549333688255,0.000414580092127399,0.9,"mean","qi"
"299","WL","P",1,0,0.00026029454011333,0.000192369100559317,0.000336884912490401,0.9,"mean","qi"
"300","WL","P",1,1,0.000472555583840377,0.000370320187598898,0.000587491977602636,0.9,"mean","qi"
"301","WL","RLNWR_N",0,0,0.000239620000815167,0.000175690509902446,0.000316869458799224,0.9,"mean","qi"
"302","WL","RLNWR_N",0,1,0.000438314425834415,0.000300374634010739,0.000583596031742217,0.9,"mean","qi"
"303","WL","RLNWR_N",1,0,0.000370935318470415,0.000270618369953089,0.000492852628789184,0.9,"mean","qi"
"304","WL","RLNWR_N",1,1,0.000673067591791485,0.000520820695793485,0.000856164516946813,0.9,"mean","qi"
"305","WL","RLNWR_S",0,0,0.000504288098889135,0.000379280894998448,0.000645228086011647,0.9,"mean","qi"
"306","WL","RLNWR_S",0,1,0.000922688623470584,0.000665204134405649,0.00117640410665756,0.9,"mean","qi"
"307","WL","RLNWR_S",1,0,0.000779788339141023,0.000590918464674198,0.000984895994714524,0.9,"mean","qi"
"308","WL","RLNWR_S",1,1,0.00141505269500314,0.00116849481369638,0.00169994269805292,0.9,"mean","qi"
"309","WL","WL",0,0,0.993995744510658,0.992533116276698,0.995524074359934,0.9,"mean","qi"
"310","WL","WL",0,1,0.989008532483154,0.986152820415843,0.991803955396882,0.9,"mean","qi"
"311","WL","WL",1,0,0.990728010973723,0.988775821052944,0.992523484543798,0.9,"mean","qi"
"312","WL","WL",1,1,0.983169782966549,0.980905618803721,0.985386315953335,0.9,"mean","qi"
"313","CNWR","BB",0,0,1.33549644354483e-05,8.77162882413555e-06,2.00539207175383e-05,0.9,"mean","qi"
"314","CNWR","BB",0,1,2.44598963551027e-05,1.58850975730884e-05,3.6889054760548e-05,0.9,"mean","qi"
"315","CNWR","BB",1,0,2.06984634010497e-05,1.33380984069079e-05,3.01153006044854e-05,0.9,"mean","qi"
"316","CNWR","BB",1,1,3.76301360655716e-05,2.52788197223261e-05,5.36563543441754e-05,0.9,"mean","qi"
"317","CNWR","BLNWR",0,0,0.000430964712756888,0.000232336985433978,0.000679458972671385,0.9,"mean","qi"
"318","CNWR","BLNWR",0,1,0.000789250908687561,0.000418032082918529,0.00128100064279392,0.9,"mean","qi"
"319","CNWR","BLNWR",1,0,0.000669514471249117,0.000369861555213388,0.0010904482752592,0.9,"mean","qi"
"320","CNWR","BLNWR",1,1,0.00121750533073714,0.000673057071472204,0.00186131703416019,0.9,"mean","qi"
"321","CNWR","BS",0,0,2.75246232786284e-06,1.65815247180628e-06,4.46855608033265e-06,0.9,"mean","qi"
"322","CNWR","BS",0,1,5.04025803232338e-06,2.9586343419002e-06,8.04082249532888e-06,0.9,"mean","qi"
"323","CNWR","BS",1,0,4.27020773361218e-06,2.50244507252534e-06,6.68871053230952e-06,0.9,"mean","qi"
"324","CNWR","BS",1,1,7.76355045068482e-06,4.69135423857953e-06,1.20387567144347e-05,0.9,"mean","qi"
"325","CNWR","CNWR",0,0,0.995326085027535,0.99424783984239,0.996485477082924,0.9,"mean","qi"
"326","CNWR","CNWR",0,1,0.991432912615301,0.98927361780377,0.993645313364485,0.9,"mean","qi"
"327","CNWR","CNWR",1,0,0.992781041502936,0.991386301003318,0.994076075337011,0.9,"mean","qi"
"328","CNWR","CNWR",1,1,0.986873707371535,0.985383157270918,0.988331988019721,0.9,"mean","qi"
"329","CNWR","HB",0,0,0.000216592922575787,0.0001585161848487,0.000284497426636682,0.9,"mean","qi"
"330","CNWR","HB",0,1,0.000396813444451614,0.000286723722609635,0.000522756305969479,0.9,"mean","qi"
"331","CNWR","HB",1,0,0.000335070216018618,0.000249704076027234,0.000426433528211508,0.9,"mean","qi"
"332","CNWR","HB",1,1,0.000609130972708489,0.000485603639717899,0.000745380418515013,0.9,"mean","qi"
"333","CNWR","HI",0,0,9.4628887789244e-06,6.09674297480754e-06,1.44621856908008e-05,0.9,"mean","qi"
"334","CNWR","HI",0,1,1.73322384360277e-05,1.09691930751405e-05,2.65516959760983e-05,0.9,"mean","qi"
"335","CNWR","HI",1,0,1.46669594894519e-05,9.31309089058366e-06,2.16165711959241e-05,0.9,"mean","qi"
"336","CNWR","HI",1,1,2.66663780000519e-05,1.75320110674827e-05,3.88621069745043e-05,0.9,"mean","qi"
"337","CNWR","LINWR",0,0,0.000101686673656431,7.28174951531526e-05,0.000136703491593224,0.9,"mean","qi"
"338","CNWR","LINWR",0,1,0.000186271818339223,0.000131642664017612,0.000253751567981713,0.9,"mean","qi"
"339","CNWR","LINWR",1,0,0.000157411019161079,0.000113489500722978,0.000207855119810175,0.9,"mean","qi"
"340","CNWR","LINWR",1,1,0.000286154517821087,0.000219382386582696,0.000364677330543137,0.9,"mean","qi"
"341","CNWR","LL",0,0,0.00278368568592227,0.00201145277190038,0.00349025074515439,0.9,"mean","qi"
"342","CNWR","LL",0,1,0.0051037524331339,0.00376326992250991,0.00651693387997348,0.9,"mean","qi"
"343","CNWR","LL",1,0,0.00429412915847899,0.00347878888847725,0.00515837846124146,0.9,"mean","qi"
"344","CNWR","LL",1,1,0.00780852806888504,0.00682874543420731,0.00886107875014518,0.9,"mean","qi"
"345","CNWR","M",0,0,1.04023911441683e-05,6.78162577886799e-06,1.59624968999523e-05,0.9,"mean","qi"
"346","CNWR","M",0,1,1.90478402008879e-05,1.22642209705947e-05,2.85008976194387e-05,0.9,"mean","qi"
"347","CNWR","M",1,0,1.61321077479153e-05,1.01693927598386e-05,2.39512961117877e-05,0.9,"mean","qi"
"348","CNWR","M",1,1,2.93249428369281e-05,1.94271117982771e-05,4.31340286361061e-05,0.9,"mean","qi"
"349","CNWR","P",0,0,7.23578246928918e-06,4.58672298714375e-06,1.11457913868253e-05,0.9,"mean","qi"
"350","CNWR","P",0,1,1.32538543702112e-05,8.2112026495444e-06,2.0600034800631e-05,0.9,"mean","qi"
"351","CNWR","P",1,0,1.12149749718333e-05,6.97059465369742e-06,1.66962161859329e-05,0.9,"mean","qi"
"352","CNWR","P",1,1,2.03915605975089e-05,1.3235666979616e-05,3.01788729616692e-05,0.9,"mean","qi"
"353","CNWR","RLNWR_N",0,0,1.07753096631676e-05,6.88996860465683e-06,1.69414261512105e-05,0.9,"mean","qi"
"354","CNWR","RLNWR_N",0,1,1.97205164856655e-05,1.18545287215226e-05,3.0321142116384e-05,0.9,"mean","qi"
"355","CNWR","RLNWR_N",1,0,1.67360492611634e-05,9.97163930350227e-06,2.58253575350975e-05,0.9,"mean","qi"
"356","CNWR","RLNWR_N",1,1,3.04148369305198e-05,1.94305664692248e-05,4.6079646334562e-05,0.9,"mean","qi"
"357","CNWR","RLNWR_S",0,0,2.26835243463634e-05,1.52439335805319e-05,3.39283644049095e-05,0.9,"mean","qi"
"358","CNWR","RLNWR_S",0,1,4.15251758535738e-05,2.63818372822835e-05,6.11216831681537e-05,0.9,"mean","qi"
"359","CNWR","RLNWR_S",1,0,3.51939900870928e-05,2.19292143400127e-05,5.11613689257283e-05,0.9,"mean","qi"
"360","CNWR","RLNWR_S",1,1,6.39630321089962e-05,4.40203501806666e-05,9.20571548236458e-05,0.9,"mean","qi"
"361","CNWR","WL",0,0,0.0010643176543889,0.000791054403748339,0.00132310699533074,0.9,"mean","qi"
"362","CNWR","WL",0,1,0.00195061900035272,0.00145175032541308,0.00248120631947464,0.9,"mean","qi"
"363","CNWR","WL",1,0,0.00164392087946451,0.00133082062233798,0.00196582403891436,0.9,"mean","qi"
"364","CNWR","WL",1,1,0.00298881930132257,0.00260171651492364,0.00339114778376746,0.9,"mean","qi"
"365","BLNWR","BB",0,0,5.06715360216729e-06,2.30940006332413e-06,9.86155033573636e-06,0.9,"mean","qi"
"366","BLNWR","BB",0,1,9.2771256003264e-06,4.29840490883735e-06,1.86807787066145e-05,0.9,"mean","qi"
"367","BLNWR","BB",1,0,7.85001324565389e-06,3.53208280794985e-06,1.61780069297741e-05,0.9,"mean","qi"
"368","BLNWR","BB",1,1,1.42890361477348e-05,6.84145487681182e-06,2.75650810890943e-05,0.9,"mean","qi"
"369","BLNWR","BLNWR",0,0,0.999517130320402,0.999148681740866,0.99974261394633,0.9,"mean","qi"
"370","BLNWR","BLNWR",0,1,0.999115258963643,0.998438261350248,0.999523125199236,0.9,"mean","qi"
"371","BLNWR","BLNWR",1,0,0.999253339222353,0.998682989291695,0.999589703886018,0.9,"mean","qi"
"372","BLNWR","BLNWR",1,1,0.998640643416839,0.997686116735868,0.99921539989689,0.9,"mean","qi"
"373","BLNWR","BS",0,0,5.5096342445607e-08,1.86628790138762e-08,1.27745500172323e-07,0.9,"mean","qi"
"374","BLNWR","BS",0,1,1.00746709234226e-07,3.59328707330161e-08,2.38280835991981e-07,0.9,"mean","qi"
"375","BLNWR","BS",1,0,8.55580572530003e-08,2.83032679345291e-08,1.95711634193422e-07,0.9,"mean","qi"
"376","BLNWR","BS",1,1,1.55681345637764e-07,5.264592729496e-08,3.59324298930074e-07,0.9,"mean","qi"
"377","BLNWR","CNWR",0,0,0.000259183091287881,0.000140566324621486,0.00045299100036324,0.9,"mean","qi"
"378","BLNWR","CNWR",0,1,0.000474949761733046,0.000261118676519671,0.000824534001314745,0.9,"mean","qi"
"379","BLNWR","CNWR",1,0,0.000400643011923366,0.000223290647506037,0.000691340096082319,0.9,"mean","qi"
"380","BLNWR","CNWR",1,1,0.000729422380905165,0.000427473934092694,0.00122021551022874,0.9,"mean","qi"
"381","BLNWR","HB",0,0,2.25214805725425e-06,9.81221705984742e-07,4.56508661877033e-06,0.9,"mean","qi"
"382","BLNWR","HB",0,1,4.12165327784811e-06,1.82085038548972e-06,8.64571343240754e-06,0.9,"mean","qi"
"383","BLNWR","HB",1,0,3.492235039837e-06,1.48054517661713e-06,7.31115498559062e-06,0.9,"mean","qi"
"384","BLNWR","HB",1,1,6.35568689035413e-06,2.86389077835173e-06,1.29783038933036e-05,0.9,"mean","qi"
"385","BLNWR","HI",0,0,3.05621325528238e-07,1.18396309871483e-07,6.70703868218757e-07,0.9,"mean","qi"
"386","BLNWR","HI",0,1,5.59145962724275e-07,2.29821072514883e-07,1.25398343367842e-06,0.9,"mean","qi"
"387","BLNWR","HI",1,0,4.7413743303981e-07,1.77425396248477e-07,1.032312624815e-06,0.9,"mean","qi"
"388","BLNWR","HI",1,1,8.62895711055969e-07,3.40977701991216e-07,1.88563276529483e-06,0.9,"mean","qi"
"389","BLNWR","LINWR",0,0,1.77990652287811e-05,8.73652022376559e-06,3.28517737982483e-05,0.9,"mean","qi"
"390","BLNWR","LINWR",0,1,3.25927480030716e-05,1.59865243545413e-05,6.18055038112034e-05,0.9,"mean","qi"
"391","BLNWR","LINWR",1,0,2.75647632805859e-05,1.32266594434699e-05,5.34431468924846e-05,0.9,"mean","qi"
"392","BLNWR","LINWR",1,1,5.01748200471815e-05,2.59466830298191e-05,9.36860492410828e-05,0.9,"mean","qi"
"393","BLNWR","LL",0,0,3.06921302969189e-05,1.56187302737713e-05,5.5806431381026e-05,0.9,"mean","qi"
"394","BLNWR","LL",0,1,5.62250856330827e-05,2.80677008033226e-05,0.000103763136426975,0.9,"mean","qi"
"395","BLNWR","LL",1,0,4.74836881928846e-05,2.41387962156386e-05,9.14153185702134e-05,0.9,"mean","qi"
"396","BLNWR","LL",1,1,8.64492465227241e-05,4.61549673967474e-05,0.000154345448076433,0.9,"mean","qi"
"397","BLNWR","M",0,0,2.37854637010197e-07,8.99193561091825e-08,5.26913899393242e-07,0.9,"mean","qi"
"398","BLNWR","M",0,1,4.35009066689053e-07,1.72679605398583e-07,1.00181931602293e-06,0.9,"mean","qi"
"399","BLNWR","M",1,0,3.69296228892989e-07,1.33463413803411e-07,8.01884302356777e-07,0.9,"mean","qi"
"400","BLNWR","M",1,1,6.71959366131472e-07,2.53732992994431e-07,1.4967097377868e-06,0.9,"mean","qi"
"401","BLNWR","P",0,0,2.85179603669929e-06,1.25262094767785e-06,5.7388195714133e-06,0.9,"mean","qi"
"402","BLNWR","P",0,1,5.22135313001136e-06,2.36579461730146e-06,1.05559843457109e-05,0.9,"mean","qi"
"403","BLNWR","P",1,0,4.41758855626727e-06,1.93553104377595e-06,9.33930080406809e-06,0.9,"mean","qi"
"404","BLNWR","P",1,1,8.04175748685045e-06,3.75766354674557e-06,1.54158746319524e-05,0.9,"mean","qi"
"405","BLNWR","RLNWR_N",0,0,3.42063343760593e-06,1.45914260792252e-06,7.23336460223064e-06,0.9,"mean","qi"
"406","BLNWR","RLNWR_N",0,1,6.25804868593555e-06,2.71089056140036e-06,1.31676289510788e-05,0.9,"mean","qi"
"407","BLNWR","RLNWR_N",1,0,5.31092536347982e-06,2.16659415808442e-06,1.15448156638e-05,0.9,"mean","qi"
"408","BLNWR","RLNWR_N",1,1,9.66408207842513e-06,4.1921407047957e-06,2.02147382821326e-05,0.9,"mean","qi"
"409","BLNWR","RLNWR_S",0,0,5.87659254291526e-06,2.64704193582851e-06,1.18775362017652e-05,0.9,"mean","qi"
"410","BLNWR","RLNWR_S",0,1,1.07540602491264e-05,4.84133170293087e-06,2.1978288957816e-05,0.9,"mean","qi"
"411","BLNWR","RLNWR_S",1,0,9.11680279843987e-06,3.93243572739456e-06,1.89707799196116e-05,0.9,"mean","qi"
"412","BLNWR","RLNWR_S",1,1,1.65908089314439e-05,7.57004115685906e-06,3.33530733633778e-05,0.9,"mean","qi"
"413","BLNWR","WL",0,0,0.000155128496802469,8.27300722656881e-05,0.00027223578657613,0.9,"mean","qi"
"414","BLNWR","WL",0,1,0.000284246298306065,0.000153451803924681,0.000499508376580395,0.9,"mean","qi"
"415","BLNWR","WL",1,0,0.000239852757526917,0.000132065780449192,0.000421935267559104,0.9,"mean","qi"
"416","BLNWR","WL",1,1,0.000436678227728554,0.000252683544864246,0.000740120638875385,0.9,"mean","qi"
"417","LL","BB",0,0,2.74425239427379e-05,1.87117968551335e-05,3.90361440828005e-05,0.9,"mean","qi"
"418","LL","BB",0,1,5.02518293265656e-05,3.39101720010681e-05,7.39646147154016e-05,0.9,"mean","qi"
"419","LL","BB",1,0,4.24993005997054e-05,2.85074414831854e-05,6.00147521735939e-05,0.9,"mean","qi"
"420","LL","BB",1,1,7.7214549004209e-05,5.4606873364491e-05,0.00010610439334338,0.9,"mean","qi"
"421","LL","BLNWR",0,0,5.3620155199762e-05,2.70925346235698e-05,9.06337612552217e-05,0.9,"mean","qi"
"422","LL","BLNWR",0,1,9.81263329217656e-05,4.85196677581473e-05,0.000165884052975105,0.9,"mean","qi"
"423","LL","BLNWR",1,0,8.34503945006399e-05,4.24134948689558e-05,0.000146275162875885,0.9,"mean","qi"
"424","LL","BLNWR",1,1,0.000151643222108729,7.88707735364682e-05,0.000256775538394988,0.9,"mean","qi"
"425","LL","BS",0,0,1.47887317242603e-05,9.88303963689846e-06,2.17657063714616e-05,0.9,"mean","qi"
"426","LL","BS",0,1,2.70804147651987e-05,1.77834662697896e-05,4.12631640885968e-05,0.9,"mean","qi"
"427","LL","BS",1,0,2.29096529462425e-05,1.47931278698816e-05,3.32683896127704e-05,0.9,"mean","qi"
"428","LL","BS",1,1,4.1625363857117e-05,2.82921017161747e-05,5.86940406820302e-05,0.9,"mean","qi"
"429","LL","CNWR",0,0,0.00293314161339164,0.0021826652569995,0.00365801210666881,0.9,"mean","qi"
"430","LL","CNWR",0,1,0.00537449189593352,0.00401238021410365,0.00671751266081576,0.9,"mean","qi"
"431","LL","CNWR",1,0,0.00452545873883134,0.00367974599421006,0.00535493773189046,0.9,"mean","qi"
"432","LL","CNWR",1,1,0.00822227953096072,0.00728845287822423,0.0093063128449624,0.9,"mean","qi"
"433","LL","HB",0,0,0.00113166277419519,0.00085025890366459,0.00141256091395722,0.9,"mean","qi"
"434","LL","HB",0,1,0.00207317190743831,0.00153294551370295,0.00260837872719199,0.9,"mean","qi"
"435","LL","HB",1,0,0.00174767188597611,0.00141537449493112,0.00208810684849546,0.9,"mean","qi"
"436","LL","HB",1,1,0.00317516144936476,0.00272791495256739,0.00362692422642415,0.9,"mean","qi"
"437","LL","HI",0,0,4.63575480983482e-05,3.19237969775223e-05,6.50094710520109e-05,0.9,"mean","qi"
"438","LL","HI",0,1,8.49050091284938e-05,5.88550054842655e-05,0.000119730311237665,0.9,"mean","qi"
"439","LL","HI",1,0,7.17466664794461e-05,5.04930688703895e-05,9.99240593833642e-05,0.9,"mean","qi"
"440","LL","HI",1,1,0.00013036277949146,9.4114569980477e-05,0.000173024690963834,0.9,"mean","qi"
"441","LL","LINWR",0,0,0.00020866534512255,0.000153590296246542,0.000275974922104418,0.9,"mean","qi"
"442","LL","LINWR",0,1,0.000382157065707163,0.000272368289609937,0.00050964329759747,0.9,"mean","qi"
"443","LL","LINWR",1,0,0.000322738179843368,0.000240591757273078,0.000414027189438789,0.9,"mean","qi"
"444","LL","LINWR",1,1,0.00058631898553095,0.00046242113307351,0.000717445270307646,0.9,"mean","qi"
"445","LL","LL",0,0,0.99443494519642,0.99312018531807,0.995821121558344,0.9,"mean","qi"
"446","LL","LL",0,1,0.98980427235821,0.987184544052385,0.992426130753129,0.9,"mean","qi"
"447","LL","LL",1,0,0.99140782222453,0.98982609116256,0.99303539971229,0.9,"mean","qi"
"448","LL","LL",1,1,0.984389238349219,0.982166897026529,0.986374303984017,0.9,"mean","qi"
"449","LL","M",0,0,5.38362050933365e-05,3.76162942551873e-05,7.46028169758395e-05,0.9,"mean","qi"
"450","LL","M",0,1,9.85758390962336e-05,6.73374494135802e-05,0.000137750183389276,0.9,"mean","qi"
"451","LL","M",1,0,8.33614066929396e-05,5.75244004713907e-05,0.000114015649851312,0.9,"mean","qi"
"452","LL","M",1,1,0.000151438951791609,0.000110654032102206,0.000201282929029387,0.9,"mean","qi"
"453","LL","P",0,0,1.52236242566173e-05,1.01463190589864e-05,2.24995942483243e-05,0.9,"mean","qi"
"454","LL","P",0,1,2.78801882191484e-05,1.8356421821396e-05,4.22494474772346e-05,0.9,"mean","qi"
"455","LL","P",1,0,2.35774758563761e-05,1.51935183656123e-05,3.43163614583227e-05,0.9,"mean","qi"
"456","LL","P",1,1,4.28420915599868e-05,2.90356456084882e-05,6.09301676414756e-05,0.9,"mean","qi"
"457","LL","RLNWR_N",0,0,2.54147172037257e-05,1.69492837154124e-05,3.72038799873221e-05,0.9,"mean","qi"
"458","LL","RLNWR_N",0,1,4.65042727457159e-05,2.94702173922893e-05,6.67751805005903e-05,0.9,"mean","qi"
"459","LL","RLNWR_N",1,0,3.94373004894454e-05,2.5617419058585e-05,5.77433361703261e-05,0.9,"mean","qi"
"460","LL","RLNWR_N",1,1,7.16232287856624e-05,4.87395242847194e-05,0.000101980908359477,0.9,"mean","qi"
"461","LL","RLNWR_S",0,0,5.28267622739443e-05,3.74292715288897e-05,7.34777381572849e-05,0.9,"mean","qi"
"462","LL","RLNWR_S",0,1,9.66879302969459e-05,6.45095378574768e-05,0.00013380295867937,0.9,"mean","qi"
"463","LL","RLNWR_S",1,0,8.18855072671737e-05,5.67070577447488e-05,0.000114194153603425,0.9,"mean","qi"
"464","LL","RLNWR_S",1,1,0.000148724586674003,0.000107525398466558,0.00020155942134459,0.9,"mean","qi"
"465","LL","WL",0,0,0.00100207480307816,0.00074292697826725,0.00125813752047302,0.9,"mean","qi"
"466","LL","WL",0,1,0.00183589495621123,0.00136433143038522,0.00233377530908171,0.9,"mean","qi"
"467","LL","WL",1,0,0.00154744126598775,0.00124462116555774,0.00185915909803375,0.9,"mean","qi"
"468","LL","WL",1,1,0.0028115269116514,0.00240246535846457,0.00323397178990876,0.9,"mean","qi"
"469","RLNWR_N","BB",0,0,0.0103749971579033,0.00726506615235457,0.0134504706058573,0.9,"mean","qi"
"470","RLNWR_N","BB",0,1,0.0183025273549138,0.0137013545934756,0.0237578037628016,0.9,"mean","qi"
"471","RLNWR_N","BB",1,0,0.0156073782260854,0.0124741948490762,0.0189962304370697,0.9,"mean","qi"
"472","RLNWR_N","BB",1,1,0.0268885575786663,0.0239474526249114,0.030451397813233,0.9,"mean","qi"
"473","RLNWR_N","BLNWR",0,0,4.65700241121324e-06,1.96159870563264e-06,9.32551045646003e-06,0.9,"mean","qi"
"474","RLNWR_N","BLNWR",0,1,8.20936836955525e-06,3.41121207018478e-06,1.70702310111227e-05,0.9,"mean","qi"
"475","RLNWR_N","BLNWR",1,0,7.08758864070768e-06,3.05240016136099e-06,1.4050795397713e-05,0.9,"mean","qi"
"476","RLNWR_N","BLNWR",1,1,1.22186586904454e-05,5.23957274911797e-06,2.5833314289311e-05,0.9,"mean","qi"
"477","RLNWR_N","BS",0,0,3.98903154345017e-05,2.6495190660305e-05,5.84279016882961e-05,0.9,"mean","qi"
"478","RLNWR_N","BS",0,1,7.03423936254109e-05,4.58492105439981e-05,0.000103834907257031,0.9,"mean","qi"
"479","RLNWR_N","BS",1,0,6.02679228837647e-05,3.99864768405976e-05,8.65750335020363e-05,0.9,"mean","qi"
"480","RLNWR_N","BS",1,1,0.000103847354810652,7.2595378993608e-05,0.000147330875652992,0.9,"mean","qi"
"481","RLNWR_N","CNWR",0,0,8.86522655516304e-06,5.38627905565002e-06,1.41936929028471e-05,0.9,"mean","qi"
"482","RLNWR_N","CNWR",0,1,1.56278224190412e-05,9.38342395806088e-06,2.47584750810579e-05,0.9,"mean","qi"
"483","RLNWR_N","CNWR",1,0,1.34158715670574e-05,7.83641050722046e-06,2.07556717206159e-05,0.9,"mean","qi"
"484","RLNWR_N","CNWR",1,1,2.3114888681931e-05,1.4114472678978e-05,3.55440665219534e-05,0.9,"mean","qi"
"485","RLNWR_N","HB",0,0,9.50900979479003e-06,5.8186335354817e-06,1.52350563387222e-05,0.9,"mean","qi"
"486","RLNWR_N","HB",0,1,1.67624028558536e-05,1.01023717443067e-05,2.65239354733611e-05,0.9,"mean","qi"
"487","RLNWR_N","HB",1,0,1.43904858296736e-05,8.45458930037672e-06,2.23247283657218e-05,0.9,"mean","qi"
"488","RLNWR_N","HB",1,1,2.47936710790795e-05,1.51625914155716e-05,3.8225946968152e-05,0.9,"mean","qi"
"489","RLNWR_N","HI",0,0,0.000296257819176903,0.000207201574993543,0.000395517994108215,0.9,"mean","qi"
"490","RLNWR_N","HI",0,1,0.000522514152263747,0.000361626267784424,0.000717866593641278,0.9,"mean","qi"
"491","RLNWR_N","HI",1,0,0.000446903149003442,0.000331443322182401,0.000584026207317979,0.9,"mean","qi"
"492","RLNWR_N","HI",1,1,0.000770020724330668,0.000606635518944894,0.000974995006559598,0.9,"mean","qi"
"493","RLNWR_N","LINWR",0,0,0.0030137754252111,0.0021861189772065,0.00382142625719704,0.9,"mean","qi"
"494","RLNWR_N","LINWR",0,1,0.0053153348214662,0.00395774792826818,0.00693213483429492,0.9,"mean","qi"
"495","RLNWR_N","LINWR",1,0,0.00454025270755976,0.00365678078475958,0.00555514623227897,0.9,"mean","qi"
"496","RLNWR_N","LINWR",1,1,0.00782145199536641,0.00683220069942034,0.00898701093898641,0.9,"mean","qi"
"497","RLNWR_N","LL",0,0,1.98483098195629e-05,1.26508724579595e-05,2.99903245392162e-05,0.9,"mean","qi"
"498","RLNWR_N","LL",0,1,3.49986829466329e-05,2.18314419541924e-05,5.25519051654114e-05,0.9,"mean","qi"
"499","RLNWR_N","LL",1,0,3.00020773430317e-05,1.90196870999934e-05,4.42401280385862e-05,0.9,"mean","qi"
"500","RLNWR_N","LL",1,1,5.16978931420011e-05,3.44244773318238e-05,7.59711033617061e-05,0.9,"mean","qi"
"501","RLNWR_N","M",0,0,0.000124526850318961,8.67538354867142e-05,0.000174077148998933,0.9,"mean","qi"
"502","RLNWR_N","M",0,1,0.000219567445742535,0.000149067024848538,0.000311503493235751,0.9,"mean","qi"
"503","RLNWR_N","M",1,0,0.000188085192603445,0.000132650740688962,0.00025942169482669,0.9,"mean","qi"
"504","RLNWR_N","M",1,1,0.00032403548887849,0.000240322423281398,0.00043233836709975,0.9,"mean","qi"
"505","RLNWR_N","P",0,0,0.0134416636015164,0.00921376595727452,0.0179244388941693,0.9,"mean","qi"
"506","RLNWR_N","P",0,1,0.0237165401409049,0.0172961313803766,0.0316615584188311,0.9,"mean","qi"
"507","RLNWR_N","P",1,0,0.0202087702149479,0.0158776479356143,0.025089829113191,0.9,"mean","qi"
"508","RLNWR_N","P",1,1,0.0348193727024908,0.0300435707643186,0.0406531159735553,0.9,"mean","qi"
"509","RLNWR_N","RLNWR_N",0,0,0.951142221059293,0.937542791447734,0.965083814397971,0.9,"mean","qi"
"510","RLNWR_N","RLNWR_N",0,1,0.913819970921115,0.886776901364086,0.933903961841561,0.9,"mean","qi"
"511","RLNWR_N","RLNWR_N",1,0,0.926484834801651,0.910264107680539,0.940527321542514,0.9,"mean","qi"
"512","RLNWR_N","RLNWR_N",1,1,0.873357110782023,0.859275717658771,0.886566531160182,0.9,"mean","qi"
"513","RLNWR_N","RLNWR_S",0,0,0.0213287623650631,0.015263211205417,0.0275727762506291,0.9,"mean","qi"
"514","RLNWR_N","RLNWR_S",0,1,0.0376136994933467,0.0286145120374787,0.0505547643237721,0.9,"mean","qi"
"515","RLNWR_N","RLNWR_S",1,0,0.0321041980014802,0.0253985595647103,0.0397448185294864,0.9,"mean","qi"
"516","RLNWR_N","RLNWR_S",1,1,0.0552965458444217,0.0480892579679441,0.064009675664482,0.9,"mean","qi"
"517","RLNWR_N","WL",0,0,0.000195025857501754,0.000137073534803293,0.000266580494179058,0.9,"mean","qi"
"518","RLNWR_N","WL",0,1,0.000343905000030849,0.000237544816976508,0.000478338864460927,0.9,"mean","qi"
"519","RLNWR_N","WL",1,0,0.000294413760404598,0.000214881258533469,0.000398376208600427,0.9,"mean","qi"
"520","RLNWR_N","WL",1,1,0.000507232417418245,0.00038822223655042,0.000659313193914768,0.9,"mean","qi"
"521","HB","BB",0,0,9.12759681474995e-06,5.88581285318414e-06,1.39727067402251e-05,0.9,"mean","qi"
"522","HB","BB",0,1,1.67532117991347e-05,1.06407457637449e-05,2.51806332728159e-05,0.9,"mean","qi"
"523","HB","BB",1,0,1.41707671300598e-05,8.94244718261418e-06,2.10037934058073e-05,0.9,"mean","qi"
"524","HB","BB",1,1,2.58473091291397e-05,1.68833123699898e-05,3.77090400285694e-05,0.9,"mean","qi"
"525","HB","BLNWR",0,0,3.7078863816828e-06,1.60148546147347e-06,7.08419192440706e-06,0.9,"mean","qi"
"526","HB","BLNWR",0,1,6.80001852540923e-06,2.95185047201729e-06,1.34069192019725e-05,0.9,"mean","qi"
"527","HB","BLNWR",1,0,5.79409169901663e-06,2.53709188325483e-06,1.11345232712258e-05,0.9,"mean","qi"
"528","HB","BLNWR",1,1,1.05710505574252e-05,4.73493844606221e-06,2.15798306887751e-05,0.9,"mean","qi"
"529","HB","BS",0,0,9.77938549639769e-05,6.86219862887392e-05,0.000134433170382547,0.9,"mean","qi"
"530","HB","BS",0,1,0.000179589424970072,0.000127701955159575,0.000245796932788306,0.9,"mean","qi"
"531","HB","BS",1,0,0.000151511677595077,0.000108034103395631,0.000199842491666729,0.9,"mean","qi"
"532","HB","BS",1,1,0.000276386167793633,0.000210251247719807,0.000350610844246782,0.9,"mean","qi"
"533","HB","CNWR",0,0,0.000215635395334544,0.000157001356086382,0.000283700631552942,0.9,"mean","qi"
"534","HB","CNWR",0,1,0.000395949854848295,0.000285253098201877,0.000524792660716415,0.9,"mean","qi"
"535","HB","CNWR",1,0,0.00033403732646157,0.000247154667240827,0.000424419684769799,0.9,"mean","qi"
"536","HB","CNWR",1,1,0.000609262705324523,0.000485995528486766,0.000747214885235282,0.9,"mean","qi"
"537","HB","HB",0,0,0.997968925631222,0.997390967306979,0.998519180048079,0.9,"mean","qi"
"538","HB","HB",0,1,0.996269471986892,0.995133153440417,0.997246582751693,0.9,"mean","qi"
"539","HB","HB",1,0,0.996856561707698,0.996081231869482,0.997585889368871,0.9,"mean","qi"
"540","HB","HB",1,1,0.994265850440843,0.993280739754947,0.995264792238415,0.9,"mean","qi"
"541","HB","HI",0,0,0.00013145752009218,9.27826428968592e-05,0.000177591326053162,0.9,"mean","qi"
"542","HB","HI",0,1,0.000241424693270844,0.00017359657511718,0.00032622145501276,0.9,"mean","qi"
"543","HB","HI",1,0,0.000203613461716159,0.000147460885115104,0.000267108692615907,0.9,"mean","qi"
"544","HB","HI",1,1,0.000371434641000077,0.000286769649446312,0.000463939316046796,0.9,"mean","qi"
"545","HB","LINWR",0,0,5.04680500070096e-05,3.51249608209758e-05,7.0203980453373e-05,0.9,"mean","qi"
"546","HB","LINWR",0,1,9.26418823108154e-05,6.345565006247e-05,0.000130687562795539,0.9,"mean","qi"
"547","HB","LINWR",1,0,7.82803464961946e-05,5.40194186177188e-05,0.00010760937881484,0.9,"mean","qi"
"548","HB","LINWR",1,1,0.000142770249540785,0.000104349378690062,0.000190436125349101,0.9,"mean","qi"
"549","HB","LL",0,0,0.00106935341017695,0.000766724287962571,0.00135514073425972,0.9,"mean","qi"
"550","HB","LL",0,1,0.00196464700545526,0.00144722256784305,0.00251292584459629,0.9,"mean","qi"
"551","HB","LL",1,0,0.00165332770549209,0.00131794812383913,0.00200659671189822,0.9,"mean","qi"
"552","HB","LL",1,1,0.00301621999760289,0.00259389549394847,0.00347187425095367,0.9,"mean","qi"
"553","HB","M",0,0,0.000316354071632714,0.000230475065484787,0.000410765032160766,0.9,"mean","qi"
"554","HB","M",0,1,0.000580914316845275,0.000424069552478414,0.000762000358895185,0.9,"mean","qi"
"555","HB","M",1,0,0.000489926035023645,0.000372910664199899,0.000616406840846154,0.9,"mean","qi"
"556","HB","M",1,1,0.000893588819522618,0.000729588408378551,0.00107208076955598,0.9,"mean","qi"
"557","HB","P",0,0,5.89097335074327e-06,3.6996373226386e-06,9.19400742101659e-06,0.9,"mean","qi"
"558","HB","P",0,1,1.08140131119718e-05,6.61652588308968e-06,1.68475698627019e-05,0.9,"mean","qi"
"559","HB","P",1,0,9.14493115512611e-06,5.63907630802545e-06,1.37631069445614e-05,0.9,"mean","qi"
"560","HB","P",1,1,1.66824034971919e-05,1.06485718480412e-05,2.5074101463862e-05,0.9,"mean","qi"
"561","HB","RLNWR_N",0,0,1.15074656312699e-05,7.37400291381586e-06,1.81625681014026e-05,0.9,"mean","qi"
"562","HB","RLNWR_N",0,1,2.11071898264593e-05,1.26449074729502e-05,3.24840715650161e-05,0.9,"mean","qi"
"563","HB","RLNWR_N",1,0,1.78976860582911e-05,1.06669632736519e-05,2.76159145860837e-05,0.9,"mean","qi"
"564","HB","RLNWR_N",1,1,3.26331314514298e-05,2.08414153297502e-05,4.94968107615358e-05,0.9,"mean","qi"
"565","HB","RLNWR_S",0,0,2.24153286490291e-05,1.50041169347976e-05,3.3761864042461e-05,0.9,"mean","qi"
"566","HB","RLNWR_S",0,1,4.11248105728738e-05,2.61957128954955e-05,6.0633510930687e-05,0.9,"mean","qi"
"567","HB","RLNWR_S",1,0,3.48275996643446e-05,2.15137327850392e-05,5.0887442540819e-05,0.9,"mean","qi"
"568","HB","RLNWR_S",1,1,6.3505598323151e-05,4.33631409429576e-05,9.16655477048202e-05,0.9,"mean","qi"
"569","HB","WL",0,0,9.73628157434287e-05,6.91407176773531e-05,0.000131820073532448,0.9,"mean","qi"
"570","HB","WL",0,1,0.000178761591572037,0.000126189677732596,0.000243320717804291,0.9,"mean","qi"
"571","HB","WL",1,0,0.000150906663810731,0.00010622709763081,0.000198577931226896,0.9,"mean","qi"
"572","HB","WL",1,1,0.000275247485413988,0.000209026979667722,0.00035227410583779,0.9,"mean","qi"
"573","RLNWR_S","BB",0,0,0.0144545742220539,0.0101716357941613,0.0188132117511952,0.9,"mean","qi"
"574","RLNWR_S","BB",0,1,0.0253638741947603,0.019197180299834,0.0332233434215345,0.9,"mean","qi"
"575","RLNWR_S","BB",1,0,0.0216633369130849,0.0177721649716922,0.0261877039636734,0.9,"mean","qi"
"576","RLNWR_S","BB",1,1,0.0370446050273514,0.0330194186012413,0.0419059125359302,0.9,"mean","qi"
"577","RLNWR_S","BLNWR",0,0,8.30143092761108e-06,3.6954643758448e-06,1.58863716611624e-05,0.9,"mean","qi"
"578","RLNWR_S","BLNWR",0,1,1.4558783163699e-05,6.2786414994658e-06,2.84441524862989e-05,0.9,"mean","qi"
"579","RLNWR_S","BLNWR",1,0,1.25857140177583e-05,5.70041114688269e-06,2.44284401860375e-05,0.9,"mean","qi"
"580","RLNWR_S","BLNWR",1,1,2.1536586147048e-05,9.71624902448064e-06,4.38434277820723e-05,0.9,"mean","qi"
"581","RLNWR_S","BS",0,0,5.04869262509925e-05,3.41939471375484e-05,7.1592866653523e-05,0.9,"mean","qi"
"582","RLNWR_S","BS",0,1,8.85683309948393e-05,5.91286123226249e-05,0.000129345717399497,0.9,"mean","qi"
"583","RLNWR_S","BS",1,0,7.60085335248292e-05,5.23520639270133e-05,0.000105147373019935,0.9,"mean","qi"
"584","RLNWR_S","BS",1,1,0.000130010777245075,9.40148004430461e-05,0.000178926650713204,0.9,"mean","qi"
"585","RLNWR_S","CNWR",0,0,1.93510480892511e-05,1.24868937204252e-05,2.95386417386609e-05,0.9,"mean","qi"
"586","RLNWR_S","CNWR",0,1,3.39387375497412e-05,2.19801713441485e-05,5.04970616415858e-05,0.9,"mean","qi"
"587","RLNWR_S","CNWR",1,0,2.91695408191957e-05,1.81910931286814e-05,4.24595926714784e-05,0.9,"mean","qi"
"588","RLNWR_S","CNWR",1,1,4.98894429587307e-05,3.25372461148003e-05,7.25554168731955e-05,0.9,"mean","qi"
"589","RLNWR_S","HB",0,0,1.920663013832e-05,1.24178328457598e-05,2.9333913299169e-05,0.9,"mean","qi"
"590","RLNWR_S","HB",0,1,3.36846086536205e-05,2.18229567334428e-05,5.04277553143413e-05,0.9,"mean","qi"
"591","RLNWR_S","HB",1,0,2.8954170863619e-05,1.79234660013514e-05,4.21935010167403e-05,0.9,"mean","qi"
"592","RLNWR_S","HB",1,1,4.95202895014618e-05,3.23863365125589e-05,7.20709876518591e-05,0.9,"mean","qi"
"593","RLNWR_S","HI",0,0,0.000387990529204364,0.000275430418596478,0.000505400138629952,0.9,"mean","qi"
"594","RLNWR_S","HI",0,1,0.000680732510391724,0.000495904270301784,0.000907381701384973,0.9,"mean","qi"
"595","RLNWR_S","HI",1,0,0.000583177519907811,0.000439699034086612,0.000735568032002896,0.9,"mean","qi"
"596","RLNWR_S","HI",1,1,0.000997426375585091,0.000805666862142507,0.00121379681656546,0.9,"mean","qi"
"597","RLNWR_S","LINWR",0,0,0.00662510992916642,0.00486826772374724,0.008270944032099,0.9,"mean","qi"
"598","RLNWR_S","LINWR",0,1,0.0116231305697002,0.00895733975640814,0.0147869951242578,0.9,"mean","qi"
"599","RLNWR_S","LINWR",1,0,0.00993968419191833,0.00820705717155313,0.0118532943515774,0.9,"mean","qi"
"600","RLNWR_S","LINWR",1,1,0.0169957617730054,0.0154972366203324,0.0186268783037951,0.9,"mean","qi"
"601","RLNWR_S","LL",0,0,4.27779389721735e-05,2.86350084091593e-05,6.12478967042327e-05,0.9,"mean","qi"
"602","RLNWR_S","LL",0,1,7.50448213239509e-05,4.98254526952272e-05,0.000110451117658074,0.9,"mean","qi"
"603","RLNWR_S","LL",1,0,6.44085772013272e-05,4.38383907099832e-05,8.99586557300069e-05,0.9,"mean","qi"
"604","RLNWR_S","LL",1,1,0.000110171230209965,7.87591084839493e-05,0.0001532005989202,0.9,"mean","qi"
"605","RLNWR_S","M",0,0,0.000166534931791069,0.000118214736713167,0.000225347221112,0.9,"mean","qi"
"606","RLNWR_S","M",0,1,0.000292109861310085,0.000203562106238395,0.000398451239795392,0.9,"mean","qi"
"607","RLNWR_S","M",1,0,0.000250627192881802,0.000181453100491757,0.000332660693423488,0.9,"mean","qi"
"608","RLNWR_S","M",1,1,0.000428606978518936,0.000330669142191516,0.000552027428683475,0.9,"mean","qi"
"609","RLNWR_S","P",0,0,0.0114567476604076,0.00808009246584212,0.0149487674208091,0.9,"mean","qi"
"610","RLNWR_S","P",0,1,0.0201064050183952,0.0149361147966853,0.0262568103101317,0.9,"mean","qi"
"611","RLNWR_S","P",1,0,0.0171679498689235,0.0137427909760996,0.0208700580462754,0.9,"mean","qi"
"612","RLNWR_S","P",1,1,0.0293609377492202,0.0256336627164815,0.0337172136382312,0.9,"mean","qi"
"613","RLNWR_S","RLNWR_N",0,0,0.0221342436281339,0.0159980039587276,0.0288716189449959,0.9,"mean","qi"
"614","RLNWR_S","RLNWR_N",0,1,0.038821649016348,0.0300224125663013,0.0513880775238281,0.9,"mean","qi"
"615","RLNWR_S","RLNWR_N",1,0,0.0332123129618556,0.0263551842112905,0.0406978749191167,0.9,"mean","qi"
"616","RLNWR_S","RLNWR_N",1,1,0.0567761626104539,0.0489443932038689,0.0654130483085482,0.9,"mean","qi"
"617","RLNWR_S","RLNWR_S",0,0,0.944209015864073,0.929839947198036,0.958608081133024,0.9,"mean","qi"
"618","RLNWR_S","RLNWR_S",0,1,0.902119593420366,0.873162595299189,0.923537251384957,0.9,"mean","qi"
"619","RLNWR_S","RLNWR_S",1,0,0.916331779658605,0.899981473912304,0.931112688249722,0.9,"mean","qi"
"620","RLNWR_S","RLNWR_S",1,1,0.856940874904437,0.843677560296233,0.870506960964633,0.9,"mean","qi"
"621","RLNWR_S","WL",0,0,0.00042565926079168,0.000305809726223087,0.000559170759927818,0.9,"mean","qi"
"622","RLNWR_S","WL",0,1,0.000746710127042815,0.000552217752837926,0.000988392262200065,0.9,"mean","qi"
"623","RLNWR_S","WL",1,0,0.000640005156396409,0.000485994217614149,0.000807987830503,0.9,"mean","qi"
"624","RLNWR_S","WL",1,1,0.00109449625536555,0.00088951830041361,0.00133532610812156,0.9,"mean","qi"
"625","P","BB",0,0,0.0103430349736835,0.00732861890710562,0.0132219401960092,0.9,"mean","qi"
"626","P","BB",0,1,0.018349153071984,0.0135744503121942,0.0236246730592088,0.9,"mean","qi"
"627","P","BB",1,0,0.0156106089448355,0.0123516249157179,0.0184749509976223,0.9,"mean","qi"
"628","P","BB",1,1,0.0270821098105024,0.0231565718676818,0.0312896409814101,0.9,"mean","qi"
"629","P","BLNWR",0,0,4.85876970386296e-06,2.16595443893428e-06,8.92295161246576e-06,0.9,"mean","qi"
"630","P","BLNWR",0,1,8.61240765053698e-06,3.8488736233737e-06,1.63533794698268e-05,0.9,"mean","qi"
"631","P","BLNWR",1,0,7.423381518307e-06,3.3327167593361e-06,1.36106967281021e-05,0.9,"mean","qi"
"632","P","BLNWR",1,1,1.28859378494747e-05,5.99808559896597e-06,2.50059114484754e-05,0.9,"mean","qi"
"633","P","BS",0,0,1.81210630770725e-05,1.23160317285261e-05,2.63314172151728e-05,0.9,"mean","qi"
"634","P","BS",0,1,3.21406850887534e-05,2.14012782572494e-05,4.81638110141205e-05,0.9,"mean","qi"
"635","P","BS",1,0,2.74982919918516e-05,1.82431862019799e-05,3.97462799576983e-05,0.9,"mean","qi"
"636","P","BS",1,1,4.77261416934414e-05,3.27603349887172e-05,6.71781449393552e-05,0.9,"mean","qi"
"637","P","CNWR",0,0,7.45086674720823e-06,4.86583069054764e-06,1.13725028518004e-05,0.9,"mean","qi"
"638","P","CNWR",0,1,1.3211730251331e-05,8.41666014584659e-06,1.97095078347122e-05,0.9,"mean","qi"
"639","P","CNWR",1,0,1.13204467449778e-05,7.05325553769235e-06,1.70435443760059e-05,0.9,"mean","qi"
"640","P","CNWR",1,1,1.96458782502215e-05,1.27302097692554e-05,2.9234190690664e-05,0.9,"mean","qi"
"641","P","HB",0,0,6.09265650229657e-06,3.94271661385186e-06,9.37916244203506e-06,0.9,"mean","qi"
"642","P","HB",0,1,1.08029472450066e-05,6.81742739715298e-06,1.62352748262911e-05,0.9,"mean","qi"
"643","P","HB",1,0,9.2590298028603e-06,5.71073554236375e-06,1.40930761308978e-05,0.9,"mean","qi"
"644","P","HB",1,1,1.60683353886702e-05,1.0340661743992e-05,2.43090795879374e-05,0.9,"mean","qi"
"645","P","HI",0,0,0.000139128917267855,9.98262403676097e-05,0.000187180929498846,0.9,"mean","qi"
"646","P","HI",0,1,0.000246794654912817,0.000177502460719887,0.000328401303953947,0.9,"mean","qi"
"647","P","HI",1,0,0.000210766293245283,0.000155818111133307,0.000277586193775434,0.9,"mean","qi"
"648","P","HI",1,1,0.000365759180296,0.000279868799621132,0.000461022343620629,0.9,"mean","qi"
"649","P","LINWR",0,0,0.00249419495761825,0.00186185900589865,0.00309178358751105,0.9,"mean","qi"
"650","P","LINWR",0,1,0.00442373831474564,0.00334231730364215,0.00546583828012337,0.9,"mean","qi"
"651","P","LINWR",1,0,0.00377087152509952,0.00308715283559637,0.00440988759954897,0.9,"mean","qi"
"652","P","LINWR",1,1,0.00654150844199961,0.00576972404010503,0.00735557869675663,0.9,"mean","qi"
"653","P","LL",0,0,1.48870397384169e-05,1.00209732545062e-05,2.18657791078861e-05,0.9,"mean","qi"
"654","P","LL",0,1,2.64047777144416e-05,1.74407299191431e-05,4.00027451820337e-05,0.9,"mean","qi"
"655","P","LL",1,0,2.25935402442304e-05,1.48072204978571e-05,3.29109467401922e-05,0.9,"mean","qi"
"656","P","LL",1,1,3.92144336708422e-05,2.65683528559597e-05,5.58345970730621e-05,0.9,"mean","qi"
"657","P","M",0,0,6.00210477389239e-05,4.24789525866662e-05,8.25214934489466e-05,0.9,"mean","qi"
"658","P","M",0,1,0.000106436312896967,7.43412015046493e-05,0.000147716373495686,0.9,"mean","qi"
"659","P","M",1,0,9.10424131513365e-05,6.33348797847003e-05,0.000123866278832102,0.9,"mean","qi"
"660","P","M",1,1,0.000157972030883674,0.000116285693072072,0.000209512075323147,0.9,"mean","qi"
"661","P","P",0,0,0.955992959429014,0.944774115955322,0.967231546149004,0.9,"mean","qi"
"662","P","P",0,1,0.921962931532245,0.902810422371312,0.940843149206943,0.9,"mean","qi"
"663","P","P",1,0,0.93352625044938,0.9216404406547,0.945854643851612,0.9,"mean","qi"
"664","P","P",1,1,0.884712898125891,0.870423743596009,0.898941415794083,0.9,"mean","qi"
"665","P","RLNWR_N",0,0,0.016882435506907,0.0125614318110161,0.0215584282465055,0.9,"mean","qi"
"666","P","RLNWR_N",0,1,0.0299309112268345,0.022526883197573,0.0389387368833237,0.9,"mean","qi"
"667","P","RLNWR_N",1,0,0.0255071889820616,0.0205718888331993,0.0306425285820003,0.9,"mean","qi"
"668","P","RLNWR_N",1,1,0.0442303955081825,0.0377632335026542,0.0511516562271691,0.9,"mean","qi"
"669","P","RLNWR_S",0,0,0.0138649592389325,0.0103466797781009,0.0172998271625179,0.9,"mean","qi"
"670","P","RLNWR_S",0,1,0.0245840709396879,0.01855977219533,0.0310717095877412,0.9,"mean","qi"
"671","P","RLNWR_S",1,0,0.0209447755716022,0.0170270963871114,0.0248714412403661,0.9,"mean","qi"
"672","P","RLNWR_S",1,1,0.036321990223863,0.0316355611067391,0.0411732590314208,0.9,"mean","qi"
"673","P","WL",0,0,0.000171855533069413,0.000126899187353377,0.000227668518785083,0.9,"mean","qi"
"674","P","WL",0,1,0.000304791398743222,0.00022095776546527,0.000405489522359797,0.9,"mean","qi"
"675","P","WL",1,0,0.000260401130322084,0.000194253730905627,0.000336719080265141,0.9,"mean","qi"
"676","P","WL",1,1,0.000451825951529246,0.000351897412744336,0.000563886079074772,0.9,"mean","qi"
